Car ID,VIN,Registration,Driver Name,Car Model,Odometer (km),Primary Route,Monthly KM,Harsh Brakes,Max Decel G-Force,Speeding Events,Max Speed (km/h),Night Driving (Hrs),Coolant Temp (°C),Oil Pressure (PSI),Max RPM,Battery Voltage (V),Brake Pad (mm),OBD-II Faults,Car Health,Driving Safety Score,Risk Tier,Crash Claim Probability (%),Renewal Hike Probability (%),Base Premium (₹),Risk Adjustment (₹),Maintenance Fee (₹),Dynamic Final Premium (₹),Standard Flat Premium (₹),Driver Savings (₹),Diagnostic Recommendation
CAR-01,MBH1234567A8901,KA-01-MJ-4521,Aarav Sharma,Hyundai Creta SX (O),14250,Bengaluru (ORR - Whitefield),750,2,-0.42g,1,86,3,88,45,3200,12.6,9.2,None (System Healthy),Good,84,Safe (Low Risk),6.2%,4.0%,15000,-3000,0,12000,18000,6000,"Normal servicing in 5,750 km. Engine thermal balance and oil pressure optimal."
CAR-02,MAT9876543B1234,MH-02-DN-8842,Priya Nair,Maruti Brezza ZXi+,28900,Mumbai (Western Express Hwy),1400,8,-0.68g (ABS Active),5,112,12,102,28,5100,11.9,2.8,"P0128 (Coolant Temp Warning), P0562 (Low System Voltage)",Alert,32,Risky (High Risk),38.5%,88.0%,15000,3000,1000,19000,18000,-1000,CRITICAL: Brake pads worn to 2.8mm (<3.0mm limit). Engine coolant peaked at 102°C and battery voltage low (11.9V).
CAR-03,TAT4567890C5678,DL-08-CC-1902,Rohan Mehta,Tata Nexon EV Max,6800,Delhi NCR (Noida Expressway),500,1,-0.32g,0,68,2,84,50,2800,13.0,10.5,None (All Systems Healthy),Good,93,Safe (Low Risk),3.8%,2.0%,15000,-3000,0,12000,18000,6000,EV battery cell balance optimal. Brake regeneration preserving pad thickness.
CAR-04,MAH6789012D3456,KA-05-NB-9011,Sneha Kulkarni,Mahindra XUV700 AX7,31200,Bengaluru (Hosur Rd - E-City),1800,10,-0.72g (Emergency Braking),7,128,15,105,22,5400,11.8,2.2,"P0217 (Engine Overheat Condition), P0562 (Battery Voltage Low)",Alert,20,Risky (High Risk),44.0%,94.0%,15000,3000,1000,19000,18000,-1000,CRITICAL: Severe brake pad wear (2.2mm). Engine coolant hit 105°C and low oil pressure logged at high RPM.
CAR-05,MAK3456789E7890,DL-03-AB-7744,Vikram Singh,Honda City ZX,21500,Delhi (Ring Road - CP),900,4,-0.45g,2,88,5,89,42,3400,12.5,6.8,None (All Systems Healthy),Good,70,Average (Moderate Risk),12.5%,25.0%,15000,0,0,15000,18000,3000,Vehicle in solid operating condition.
CAR-06,KNA1298347F4567,TN-07-CD-3321,Ananya Roy,Kia Seltos GTX+,18400,Chennai (OMR IT Corridor),1100,5,-0.50g,3,92,6,92,38,3900,12.4,5.4,None (Minor TPMS Notification),Fair,61,Average (Moderate Risk),16.0%,35.0%,15000,0,0,15000,18000,3000,"Routine service due in 1,600 km. TPMS tire balancing advised."
CAR-07,TAT9988776G1122,GJ-01-KP-5678,Karan Patel,Tata Punch Creative,11200,Ahmedabad (SG Highway),650,2,-0.38g,1,84,2,87,44,3100,12.7,8.8,None (All Systems Healthy),Good,86,Safe (Low Risk),5.5%,5.0%,15000,-3000,0,12000,18000,6000,All sensors well within optimal safety tolerances.
CAR-08,MAR5566778H8899,DL-01-ZA-6632,Neha Gupta,Maruti Baleno Alpha,36500,Gurugram (Cyber Hub - NH48),1600,9,-0.66g (ABS Active),6,116,14,100,25,4900,12.0,3.0,"P0420 (Catalyst Efficiency), P0562 (Low System Voltage)",Alert,21,Risky (High Risk),42.0%,92.0%,15000,3000,1000,19000,18000,-1000,CRITICAL: Brake pad worn to 3.0mm limit. Catalyst efficiency error and voltage fluctuation detected.
CAR-09,TOY4433221I3344,KA-03-MP-8120,Aditya Verma,Toyota Urban Cruiser Hyryder,15800,Bengaluru (Koramangala - Indiranagar),800,3,-0.40g,2,85,4,88,46,3300,12.6,7.5,None (All Systems Healthy),Good,75,Average (Moderate Risk),10.5%,18.0%,15000,0,0,15000,18000,3000,Hybrid drive operating efficiently.
CAR-10,HYU8877665J2233,KL-07-CB-9087,Divya Menon,Hyundai Venue SX,24300,Kochi (MG Road - Bypass),1250,6,-0.54g,4,96,8,94,36,4100,12.3,4.8,None,Fair,50,Risky (High Risk),22.0%,60.0%,15000,3000,0,18000,18000,0,"Brake pads at 4.8mm. Safe for city driving, check before highway trip."
CAR-11,MAH9900112K4455,MH-14-TH-4499,Siddharth Das,Mahindra Thar LX 4x4,38100,Pune (Mumbai-Pune Expressway),1950,11,-0.74g (ABS Active),8,134,16,106,18,5600,11.7,2.0,"P0217 (Engine Overheat), P0562 (Low Voltage), P0571 (Brake Switch)",Alert,20,Risky (High Risk),48.0%,98.0%,15000,3000,1000,19000,18000,-1000,"SEVERE RISK: Extreme brake wear (2.0mm), low oil pressure (18 PSI), and engine overheating (106°C). Immediate workshop visit required."
CAR-12,SKO3344556L7788,TS-09-FA-8812,Pooja Reddy,Skoda Kushaq Style 1.5,7400,Hyderabad (Gachibowli - Hitec City),600,1,-0.34g,1,76,2,86,48,3000,12.8,9.5,None (All Systems Healthy),Good,89,Safe (Low Risk),4.5%,3.0%,15000,-3000,0,12000,18000,6000,Factory optimal telemetry.
CAR-13,WVW2233445M9900,MH-01-DE-7711,Rahul Deshmukh,Volkswagen Taigun GT,26800,Mumbai (Eastern Freeway),1050,5,-0.56g,3,95,7,91,40,3800,12.4,5.8,None (All Systems Healthy),Good,59,Risky (High Risk),18.0%,45.0%,15000,3000,0,18000,18000,0,"Vehicle health normal. Scheduled service in 3,200 km."
CAR-14,TAT7766554N1133,UP-16-BX-9944,Tanvi Joshi,Tata Harrier Fearless,33400,Noida (Yamuna Expressway),1700,9,-0.70g (ABS Active),7,130,13,103,24,5000,12.0,2.9,"P0128 (Coolant Temp Below Regulating), P0562 (Low System Voltage)",Alert,20,Risky (High Risk),43.0%,90.0%,15000,3000,1000,19000,18000,-1000,CRITICAL: Front brake pad replacement required (2.9mm). Engine cooling system inspection advised.
CAR-15,MAK1122334O5566,HR-26-EE-3388,Manish Chopra,Honda Elevate ZX,9200,Gurugram (Golf Course Extension),850,3,-0.41g,1,82,4,88,44,3200,12.7,8.5,None (All Systems Healthy),Good,79,Average (Moderate Risk),8.0%,10.0%,15000,0,0,15000,18000,3000,Vehicle health optimal.
