Car ID,Driver Name,Car Model,Monthly KM,Harsh Braking Count,Speeding Incidents,Late Night Driving (Hrs),Engine Health,Driving Safety Score,Risk Category,Base Premium (₹),Risk Adjustment (₹),Maintenance Fee (₹),Dynamic Final Premium (₹),Standard Flat Premium (₹),Driver Savings (₹)
CAR-01,Aarav Sharma,Hyundai Creta,750,2,1,3,Good,84,Safe (Low Risk),15000,-3000,0,12000,18000,6000
CAR-02,Priya Nair,Maruti Brezza,1400,8,5,12,Alert,32,Risky (High Risk),15000,3000,1000,19000,18000,-1000
CAR-03,Rohan Mehta,Tata Nexon,500,1,0,2,Good,93,Safe (Low Risk),15000,-3000,0,12000,18000,6000
CAR-04,Sneha Kulkarni,Mahindra XUV700,1800,10,7,15,Alert,20,Risky (High Risk),15000,3000,1000,19000,18000,-1000
CAR-05,Vikram Singh,Honda City,900,4,2,5,Good,70,Average (Moderate Risk),15000,0,0,15000,18000,3000
CAR-06,Ananya Roy,Kia Seltos,1100,5,3,6,Fair,61,Average (Moderate Risk),15000,0,0,15000,18000,3000
CAR-07,Karan Patel,Tata Punch,650,2,1,2,Good,86,Safe (Low Risk),15000,-3000,0,12000,18000,6000
CAR-08,Neha Gupta,Maruti Baleno,1600,9,6,14,Alert,21,Risky (High Risk),15000,3000,1000,19000,18000,-1000
CAR-09,Aditya Verma,Toyota Hyryder,800,3,2,4,Good,75,Average (Moderate Risk),15000,0,0,15000,18000,3000
CAR-10,Divya Menon,Hyundai Venue,1250,6,4,8,Fair,50,Risky (High Risk),15000,3000,0,18000,18000,0
CAR-11,Siddharth Das,Mahindra Thar,1950,11,8,16,Alert,20,Risky (High Risk),15000,3000,1000,19000,18000,-1000
CAR-12,Pooja Reddy,Skoda Kushaq,600,1,1,2,Good,89,Safe (Low Risk),15000,-3000,0,12000,18000,6000
CAR-13,Rahul Deshmukh,Volkswagen Taigun,1050,5,3,7,Good,59,Risky (High Risk),15000,3000,0,18000,18000,0
CAR-14,Tanvi Joshi,Tata Harrier,1700,9,7,13,Alert,20,Risky (High Risk),15000,3000,1000,19000,18000,-1000
CAR-15,Manish Chopra,Honda Elevate,850,3,1,4,Good,79,Average (Moderate Risk),15000,0,0,15000,18000,3000
